label,target,horizon,model,n_train,n_test,n_net_features,mae_base,rmse_base,mae_net,rmse_net,delta_mae,openmeteo_mae,openmeteo_rmse,skill_base,skill_net,delta_mae_mean,delta_mae_lo,delta_mae_hi,p_improves
n=1_band25,temp_c,1,linear,574,144,47,0.6497919003343013,0.8227097481724359,0.5519536780412051,0.7245816871252335,0.09783822229309624,0.9952952437387703,1.2919623444921144,0.36320918974163074,0.4391619150401206,0.09898822176724711,0.04383926316597269,0.14931154904227745,1.0
n=1_band25,temp_c,1,xgboost,574,144,47,0.6822579441677069,1.0442450672937393,0.733300031322131,1.1709657983498534,-0.05104208715442404,0.9952952437387703,1.2919623444921144,0.19173722690482564,0.09365330704729347,-0.05224927078936697,-0.12075121060041753,0.011605525210416254,0.058
n=1_band25,temp_c,3,linear,574,144,47,1.104852772709674,1.2894734285924276,0.8950434791509159,1.1034053225766458,0.2098092935587581,0.9952952437387703,1.2919623444921144,0.0019264616420885394,0.14594622104841037,0.20901680993253616,0.12649026787311057,0.2939657663247081,1.0
n=1_band25,temp_c,3,xgboost,574,144,47,0.9812679405172356,1.3431931954683902,1.0929861486874421,1.5268966426913975,-0.1117182081702065,0.9952952437387703,1.2919623444921144,-0.039653517143655836,-0.18184299194233744,-0.11418668988644523,-0.2100550821670485,-0.02684894663522028,0.006
n=1_band25,temp_c,24,linear,574,144,47,1.1419727680734872,1.329113742565594,1.3165515976564985,1.515210602678431,-0.1745788295830113,0.9952952437387703,1.2919623444921144,-0.02875579016049734,-0.1727978057085542,-0.17474020786768812,-0.27809842201798723,-0.08471118700513625,0.0
n=1_band25,temp_c,24,xgboost,574,144,47,0.9999941824874775,1.3242826880706726,1.1507920840945305,1.4931271082961695,-0.15079790160705298,0.9952952437387703,1.2919623444921144,-0.025016474912249675,-0.15570481961928628,-0.15341451768619097,-0.2411727694608612,-0.06432015844376908,0.0
n=1_band25,rain_mm_1h,1,linear,574,144,47,0.3302554072138525,0.39652038754939756,0.4306916935748264,0.5673120808623129,-0.1004362863609739,0.0,0.0,,,-0.09806596271620727,-0.16129631923720428,-0.0361274380147409,0.002
n=1_band25,rain_mm_1h,1,xgboost,574,144,47,0.02726502754618802,0.18309997343500692,0.018656513476243062,0.06201025782618937,0.008608514069944957,0.0,0.0,,,0.008688002280203768,-0.014685889874595483,0.041810525876614185,0.67
n=1_band25,rain_mm_1h,3,linear,574,144,47,0.6241907764114147,0.8135147169197796,0.6062996906780846,0.7766410343678919,0.017891085733330092,0.0,0.0,,,0.019707102939572216,-0.09035414534611663,0.11684082764045803,0.644
n=1_band25,rain_mm_1h,3,xgboost,574,144,47,0.007254199266955968,0.011185314078883,0.009165214022282776,0.01852879875484669,-0.001911014755326808,0.0,0.0,,,-0.0019402306434169278,-0.005289069289074177,0.0006657603113303078,0.064
n=1_band25,rain_mm_1h,24,linear,574,144,47,0.47281708044732984,0.5911886263526834,0.6304857268250923,0.9412361321676653,-0.15766864637776246,0.0,0.0,,,-0.154713748446659,-0.2839144058793768,-0.03854861323073804,0.002
n=1_band25,rain_mm_1h,24,xgboost,574,144,47,0.02948898159825654,0.08365699619553392,0.0430014462769274,0.09616000311545432,-0.013512464678670864,0.0,0.0,,,-0.013128058892294575,-0.032192274886378734,0.007019708518589595,0.07
n=3_band25,temp_c,1,linear,574,144,47,0.6497919003343013,0.8227097481724359,0.5501982744294911,0.7273274241046752,0.09959362590481025,0.9952952437387703,1.2919623444921144,0.36320918974163074,0.43703666967894783,0.10021430351090324,0.0377357947555938,0.15881147651784353,1.0
n=3_band25,temp_c,1,xgboost,574,144,47,0.6822579441677069,1.0442450672937393,0.725512487875951,1.147677029166291,-0.04325454370824411,0.9952952437387703,1.2919623444921144,0.19173722690482564,0.11167919555932859,-0.04378147206801343,-0.12053143255997302,0.029880947390106865,0.124
n=3_band25,temp_c,3,linear,574,144,47,1.104852772709674,1.2894734285924276,0.8689057633972893,1.066747433708221,0.23594700931238466,0.9952952437387703,1.2919623444921144,0.0019264616420885394,0.17432002700700078,0.23570760164029,0.13710564512711135,0.33713982457707536,1.0
n=3_band25,temp_c,3,xgboost,574,144,47,0.9812679405172356,1.3431931954683902,1.0471241306356485,1.4569895457054685,-0.06585619011841282,0.9952952437387703,1.2919623444921144,-0.039653517143655836,-0.12773375471575998,-0.06855786153852632,-0.16135202941079602,0.014062699478000196,0.07
n=3_band25,temp_c,24,linear,574,144,47,1.1419727680734872,1.329113742565594,1.3310432164401342,1.5333884549103274,-0.189070448366647,0.9952952437387703,1.2919623444921144,-0.02875579016049734,-0.1868677608503524,-0.1892043832213313,-0.30120038304831953,-0.0878763670347576,0.0
n=3_band25,temp_c,24,xgboost,574,144,47,0.9999941824874775,1.3242826880706726,1.2002927763893458,1.5277764325025347,-0.20029859390186833,0.9952952437387703,1.2919623444921144,-0.025016474912249675,-0.1825239636555518,-0.20245799801650363,-0.2732685380113315,-0.13515302430326132,0.0
n=3_band25,rain_mm_1h,1,linear,574,144,47,0.3302554072138525,0.39652038754939756,0.6544774293143311,0.9265598711139907,-0.32422202210047857,0.0,0.0,,,-0.32203630292343505,-0.41852231690955666,-0.22868464710976638,0.0
n=3_band25,rain_mm_1h,1,xgboost,574,144,47,0.02726502754618802,0.18309997343500692,0.010629887537409862,0.03271530884592284,0.01663514000877816,0.0,0.0,,,0.016735087566629066,-0.0027368377209818903,0.049573949541566735,0.912
n=3_band25,rain_mm_1h,3,linear,574,144,47,0.6241907764114147,0.8135147169197796,0.6277105001284601,0.8577320579197766,-0.003519723717045342,0.0,0.0,,,-0.002655939294850734,-0.11237796290569096,0.09808255320109818,0.498
n=3_band25,rain_mm_1h,3,xgboost,574,144,47,0.007254199266955968,0.011185314078883,0.007461158704548628,0.013066332451895507,-0.00020695943759265964,0.0,0.0,,,-0.00021390402001209924,-0.002309760774250612,0.001981183639418303,0.44
n=3_band25,rain_mm_1h,24,linear,574,144,47,0.47281708044732984,0.5911886263526834,0.621288238033062,0.8868145372442622,-0.14847115758573215,0.0,0.0,,,-0.14684301947418207,-0.27022731235885195,-0.031079014162911648,0.0
n=3_band25,rain_mm_1h,24,xgboost,574,144,47,0.02948898159825654,0.08365699619553392,0.047765896324158855,0.11954951972090222,-0.018276914725902316,0.0,0.0,,,-0.018349701091275466,-0.0358770990417775,-0.002621751197290857,0.008
n=5_band25,temp_c,1,linear,574,144,47,0.6497919003343013,0.8227097481724359,0.5332075260578519,0.7199974468093828,0.11658437427644941,0.9952952437387703,1.2919623444921144,0.36320918974163074,0.44271019207419526,0.11662488570168672,0.0563028014694186,0.17592486837885674,1.0
n=5_band25,temp_c,1,xgboost,574,144,47,0.6822579441677069,1.0442450672937393,0.7752611134142442,1.1761830897277794,-0.09300316924653729,0.9952952437387703,1.2919623444921144,0.19173722690482564,0.08961503813011606,-0.09332480585135108,-0.1754495676173331,-0.021913502097355018,0.0
n=5_band25,temp_c,3,linear,574,144,47,1.104852772709674,1.2894734285924276,0.9090721468445911,1.0994028127389257,0.19578062586508282,0.9952952437387703,1.2919623444921144,0.0019264616420885394,0.14904422917131233,0.1961830620641749,0.09818088356171531,0.2889129390585023,1.0
n=5_band25,temp_c,3,xgboost,574,144,47,0.9812679405172356,1.3431931954683902,1.0232004089001128,1.4188791634566011,-0.04193246838287712,0.9952952437387703,1.2919623444921144,-0.039653517143655836,-0.09823569510795549,-0.044469071032278464,-0.12860254180857933,0.035106388249078004,0.156
n=5_band25,temp_c,24,linear,574,144,47,1.1419727680734872,1.329113742565594,1.3060630873768375,1.4999174940488778,-0.16409031930335027,0.9952952437387703,1.2919623444921144,-0.02875579016049734,-0.16096068932915597,-0.1645649718944357,-0.27323820908116037,-0.06617167163561793,0.002
n=5_band25,temp_c,24,xgboost,574,144,47,0.9999941824874775,1.3242826880706726,1.23219081714736,1.6053221219004083,-0.23219663465988238,0.9952952437387703,1.2919623444921144,-0.025016474912249675,-0.24254559642872509,-0.23389367627284705,-0.31726179649264036,-0.15904595029050905,0.0
n=5_band25,rain_mm_1h,1,linear,574,144,47,0.3302554072138525,0.39652038754939756,0.5599522861956974,0.8074345593240938,-0.22969687898184488,0.0,0.0,,,-0.22734465971613066,-0.3222304673081449,-0.12985133278559155,0.0
n=5_band25,rain_mm_1h,1,xgboost,574,144,47,0.02726502754618802,0.18309997343500692,0.011189905486793982,0.03451463566368023,0.016075122059394036,0.0,0.0,,,0.01621701920596307,-0.0018930429189519297,0.04749794702058554,0.912
n=5_band25,rain_mm_1h,3,linear,574,144,47,0.6241907764114147,0.8135147169197796,0.7527239203180964,0.9837384011262853,-0.1285331439066817,0.0,0.0,,,-0.12714650704312588,-0.22960336292728756,-0.03812244555262952,0.004
n=5_band25,rain_mm_1h,3,xgboost,574,144,47,0.007254199266955968,0.011185314078883,0.010424443724332377,0.016678854610043748,-0.0031702444573764093,0.0,0.0,,,-0.0031435438637640294,-0.0056975980483609115,-0.0007000650738872429,0.008
n=5_band25,rain_mm_1h,24,linear,574,144,47,0.47281708044732984,0.5911886263526834,0.595635778538929,0.83790621708897,-0.12281869809159918,0.0,0.0,,,-0.12191798912617284,-0.23271748993810393,-0.017199670566330153,0.014
n=5_band25,rain_mm_1h,24,xgboost,574,144,47,0.02948898159825654,0.08365699619553392,0.11345031720742958,0.22112039294466163,-0.08396133560917304,0.0,0.0,,,-0.08416747584320487,-0.1137573650635861,-0.06199539326745733,0.0
n=10_band25,temp_c,1,linear,574,144,47,0.6497919003343013,0.8227097481724359,0.5351516403779255,0.7204005910695445,0.11464025995637583,0.9952952437387703,1.2919623444921144,0.36320918974163074,0.44239815181862563,0.1136113827193848,0.05003161967891719,0.17477467447329045,1.0
n=10_band25,temp_c,1,xgboost,574,144,47,0.6822579441677069,1.0442450672937393,0.7076047087025875,1.0867551493867085,-0.025346764534880606,0.9952952437387703,1.2919623444921144,0.19173722690482564,0.15883372760842762,-0.0257880461140096,-0.09700150831327102,0.04017019580088506,0.252
n=10_band25,temp_c,3,linear,574,144,47,1.104852772709674,1.2894734285924276,0.941191168187071,1.1683463753116565,0.16366160452260292,0.9952952437387703,1.2919623444921144,0.0019264616420885394,0.09568078335058039,0.16446798603702323,0.036538155350950265,0.27345455685469716,0.998
n=10_band25,temp_c,3,xgboost,574,144,47,0.9812679405172356,1.3431931954683902,1.0280903493298785,1.4496367162742267,-0.04682240881264288,0.9952952437387703,1.2919623444921144,-0.039653517143655836,-0.12204254439327022,-0.04993715032547846,-0.13775075401851267,0.042966215163189665,0.15
n=10_band25,temp_c,24,linear,574,144,47,1.1419727680734872,1.329113742565594,1.300687341678007,1.4903956765662474,-0.15871457360451968,0.9952952437387703,1.2919623444921144,-0.02875579016049734,-0.15359064675537382,-0.15864564010722337,-0.2736274519042523,-0.046035464044967986,0.004
n=10_band25,temp_c,24,xgboost,574,144,47,0.9999941824874775,1.3242826880706726,1.14065690623348,1.4705361211668253,-0.14066272374600242,0.9952952437387703,1.2919623444921144,-0.025016474912249675,-0.1382190258377154,-0.14278097126214417,-0.21687729787186655,-0.06812341197623469,0.0
n=10_band25,rain_mm_1h,1,linear,574,144,47,0.3302554072138525,0.39652038754939756,0.5822149018253676,0.897690833773896,-0.2519594946115151,0.0,0.0,,,-0.25224388404366094,-0.3824240148735095,-0.13736173571776542,0.0
n=10_band25,rain_mm_1h,1,xgboost,574,144,47,0.02726502754618802,0.18309997343500692,0.009018287338765023,0.02068189492519346,0.018246740207422996,0.0,0.0,,,0.01835439469189353,-0.0014045634339200643,0.05399578383264472,0.928
n=10_band25,rain_mm_1h,3,linear,574,144,47,0.6241907764114147,0.8135147169197796,0.7246078170151926,0.9438593330802575,-0.10041704060377787,0.0,0.0,,,-0.10009443061143933,-0.2005693523419423,-0.010735425118798454,0.01
n=10_band25,rain_mm_1h,3,xgboost,574,144,47,0.007254199266955968,0.011185314078883,0.005922646600892121,0.011411743728545951,0.001331552666063847,0.0,0.0,,,0.001347145146370571,-0.0007347684748108603,0.0034394534695669178,0.906
n=10_band25,rain_mm_1h,24,linear,574,144,47,0.47281708044732984,0.5911886263526834,0.5765739204700846,0.8505174783305182,-0.10375684002275476,0.0,0.0,,,-0.1025654658244452,-0.22246049383931338,0.00998834287475893,0.04
n=10_band25,rain_mm_1h,24,xgboost,574,144,47,0.02948898159825654,0.08365699619553392,0.1346423999053109,0.2762430197286756,-0.10515341830705437,0.0,0.0,,,-0.10549335486451572,-0.13857751813614338,-0.07391619868332733,0.0
n=20_band25,temp_c,1,linear,574,144,47,0.6497919003343013,0.8227097481724359,0.52951899384899,0.7222659425728266,0.1202729064853113,0.9952952437387703,1.2919623444921144,0.36320918974163074,0.4409543392251437,0.11940026073151656,0.054992077206177915,0.1774231561229238,1.0
n=20_band25,temp_c,1,xgboost,574,144,47,0.6822579441677069,1.0442450672937393,0.671676211543117,1.06105404554312,0.010581732624589946,0.9952952437387703,1.2919623444921144,0.19173722690482564,0.17872680262965956,0.010042369763738332,-0.06547259159971147,0.07763512861874587,0.628
n=20_band25,temp_c,3,linear,574,144,47,1.104852772709674,1.2894734285924276,0.9429191054281206,1.1598777110979608,0.16193366728155334,0.9952952437387703,1.2919623444921144,0.0019264616420885394,0.10223566805739814,0.16283895275967025,0.04304835042022783,0.27004678234878726,0.998
n=20_band25,temp_c,3,xgboost,574,144,47,0.9812679405172356,1.3431931954683902,1.011088863909393,1.3841643767532785,-0.02982092339215725,0.9952952437387703,1.2919623444921144,-0.039653517143655836,-0.07136588202762972,-0.03123053157670771,-0.12419192504523566,0.05580058243202869,0.256
n=20_band25,temp_c,24,linear,574,144,47,1.1419727680734872,1.329113742565594,1.3227645381360855,1.5097070469688807,-0.18079177006259828,0.9952952437387703,1.2919623444921144,-0.02875579016049734,-0.1685379635134523,-0.18075185792479107,-0.2964135983612094,-0.06884964101195569,0.002
n=20_band25,temp_c,24,xgboost,574,144,47,0.9999941824874775,1.3242826880706726,1.148253545688855,1.4952635847321174,-0.14825936320137745,0.9952952437387703,1.2919623444921144,-0.025016474912249675,-0.15735848734811464,-0.150550120069571,-0.22868763489855534,-0.0733281424456386,0.0
n=20_band25,rain_mm_1h,1,linear,574,144,47,0.3302554072138525,0.39652038754939756,0.6400259940127033,0.97948188499614,-0.30977058679885083,0.0,0.0,,,-0.3106998996055222,-0.4557921297589945,-0.17868812733562284,0.0
n=20_band25,rain_mm_1h,1,xgboost,574,144,47,0.02726502754618802,0.18309997343500692,0.011851703192304639,0.03345068649379056,0.01541332435388338,0.0,0.0,,,0.015499209744095018,-0.004617657615947085,0.04910804559798028,0.852
n=20_band25,rain_mm_1h,3,linear,574,144,47,0.6241907764114147,0.8135147169197796,0.7547556574987612,0.984033697205054,-0.13056488108734643,0.0,0.0,,,-0.12912032812161003,-0.23077720846785463,-0.04653661062220337,0.002
n=20_band25,rain_mm_1h,3,xgboost,574,144,47,0.007254199266955968,0.011185314078883,0.01101738210895241,0.029552290350685705,-0.0037631828419964425,0.0,0.0,,,-0.0036927776341379084,-0.009190963606720793,0.0003076652412498029,0.034
n=20_band25,rain_mm_1h,24,linear,574,144,47,0.47281708044732984,0.5911886263526834,0.5821272776127597,0.873627236617722,-0.10931019716542989,0.0,0.0,,,-0.10745810022843277,-0.23024023829992574,0.003099168101611856,0.032
n=20_band25,rain_mm_1h,24,xgboost,574,144,47,0.02948898159825654,0.08365699619553392,0.22657819659960093,0.527917571021375,-0.1970892150013444,0.0,0.0,,,-0.19786309544897188,-0.27691755362636994,-0.12335171924213581,0.0
band_0-2km,temp_c,1,linear,574,144,47,0.6497919003343013,0.8227097481724359,0.6342468947362406,0.8095424909244289,0.015545005598060713,0.9952952437387703,1.2919623444921144,0.36320918974163074,0.37340086235820635,0.013855048790088023,-0.04778959505218619,0.07271879292999724,0.676
band_0-2km,temp_c,1,xgboost,574,144,47,0.6822579441677069,1.0442450672937393,0.7073737533658602,1.1038601000210195,-0.02511580919815326,0.9952952437387703,1.2919623444921144,0.19173722690482564,0.14559421586318766,-0.025226860334733973,-0.05976857267530624,0.009174444883107797,0.066
band_0-2km,temp_c,3,linear,574,144,47,1.104852772709674,1.2894734285924276,0.952753062681772,1.1962233525561494,0.152099710027902,0.9952952437387703,1.2919623444921144,0.0019264616420885394,0.07410354670483921,0.15250632466763853,0.028917020114738283,0.2759508078333036,0.992
band_0-2km,temp_c,3,xgboost,574,144,47,0.9812679405172356,1.3431931954683902,1.0387437995899336,1.4210860495629236,-0.05747585907269792,0.9952952437387703,1.2919623444921144,-0.039653517143655836,-0.09994386107403863,-0.059386067260007766,-0.12968295855317893,0.011026308567959095,0.042
band_0-2km,temp_c,24,linear,574,144,47,1.1419727680734872,1.329113742565594,1.4270036941754816,1.6296809815795361,-0.2850309261019943,0.9952952437387703,1.2919623444921144,-0.02875579016049734,-0.261399752498346,-0.2837318115046625,-0.3797934130211907,-0.18812644039619375,0.0
band_0-2km,temp_c,24,xgboost,574,144,47,0.9999941824874775,1.3242826880706726,1.0364497839749334,1.353218095155628,-0.03645560148745586,0.9952952437387703,1.2919623444921144,-0.025016474912249675,-0.04741295357767883,-0.037074879566513945,-0.08967964845300809,0.015011784855255578,0.084
band_0-2km,rain_mm_1h,1,linear,574,144,47,0.3302554072138525,0.39652038754939756,0.31800936425273346,0.4034653264596038,0.01224604296111903,0.0,0.0,,,0.013222539612249702,-0.023770601572136948,0.049591812555485795,0.768
band_0-2km,rain_mm_1h,1,xgboost,574,144,47,0.02726502754618802,0.18309997343500692,0.0224442038314818,0.17021968979318475,0.00482082371470622,0.0,0.0,,,0.005021340984763002,-0.0008887945655563575,0.014217705262272926,0.918
band_0-2km,rain_mm_1h,3,linear,574,144,47,0.6241907764114147,0.8135147169197796,0.7383296133446444,0.9609365840205808,-0.11413883693322968,0.0,0.0,,,-0.11221675974129615,-0.16475484361436066,-0.04458860302213306,0.0
band_0-2km,rain_mm_1h,3,xgboost,574,144,47,0.007254199266955968,0.011185314078883,0.007033361830508511,0.018666305661856522,0.00022083743644745694,0.0,0.0,,,0.00022025144906223838,-0.0031843638274595925,0.0032776097112547273,0.56
band_0-2km,rain_mm_1h,24,linear,574,144,47,0.47281708044732984,0.5911886263526834,0.9149074533170504,1.130765489534643,-0.4420903728697205,0.0,0.0,,,-0.4423980839051135,-0.5303987372759011,-0.3607204555114743,0.0
band_0-2km,rain_mm_1h,24,xgboost,574,144,47,0.02948898159825654,0.08365699619553392,0.04467950826195496,0.11103880044308027,-0.015190526663698418,0.0,0.0,,,-0.015374830890071987,-0.031122333454871094,-0.0016435811987814066,0.016
band_2-5km,temp_c,1,linear,574,144,47,0.6497919003343013,0.8227097481724359,0.5327584746436584,0.706584375694818,0.1170334256906429,0.9952952437387703,1.2919623444921144,0.36320918974163074,0.453092128646687,0.1164184918695674,0.05479613346935963,0.1733306906500106,1.0
band_2-5km,temp_c,1,xgboost,574,144,47,0.6822579441677069,1.0442450672937393,0.7591292187898543,1.1566833224174164,-0.07687127462214738,0.9952952437387703,1.2919623444921144,0.19173722690482564,0.10470817717824255,-0.07862363504389205,-0.15621915783024623,-0.012961181839981108,0.014
band_2-5km,temp_c,3,linear,574,144,47,1.104852772709674,1.2894734285924276,0.9120922860054779,1.0802043587781995,0.1927604867041961,0.9952952437387703,1.2919623444921144,0.0019264616420885394,0.16390414675526743,0.19310182117264812,0.10978640435431611,0.282023668535201,1.0
band_2-5km,temp_c,3,xgboost,574,144,47,0.9812679405172356,1.3431931954683902,1.030661877301265,1.4402724888538017,-0.04939393678402937,0.9952952437387703,1.2919623444921144,-0.039653517143655836,-0.11479447910688889,-0.05228929067241721,-0.14762994141340757,0.038882305936962056,0.108
band_2-5km,temp_c,24,linear,574,144,47,1.1419727680734872,1.329113742565594,1.4584924760546327,1.640725392224185,-0.3165197079811455,0.9952952437387703,1.2919623444921144,-0.02875579016049734,-0.2699483070995954,-0.31641981801606006,-0.425708213191079,-0.21142023760086126,0.0
band_2-5km,temp_c,24,xgboost,574,144,47,0.9999941824874775,1.3242826880706726,1.1696157544252241,1.500750658526962,-0.16962157193774663,0.9952952437387703,1.2919623444921144,-0.025016474912249675,-0.16160557227147732,-0.17168091120634482,-0.24736780165896277,-0.10248483779964657,0.0
band_2-5km,rain_mm_1h,1,linear,574,144,47,0.3302554072138525,0.39652038754939756,0.6241457715962504,0.8024316965961515,-0.2938903643823979,0.0,0.0,,,-0.29260707187136586,-0.3647004680955502,-0.22312437823909065,0.0
band_2-5km,rain_mm_1h,1,xgboost,574,144,47,0.02726502754618802,0.18309997343500692,0.006209092410345975,0.01674741631593831,0.021055935135842044,0.0,0.0,,,0.021201770532383108,0.0026475538040661687,0.05527223368792161,1.0
band_2-5km,rain_mm_1h,3,linear,574,144,47,0.6241907764114147,0.8135147169197796,0.7740732432132007,1.0221570206674886,-0.14988246680178596,0.0,0.0,,,-0.14967687022486983,-0.2477994437685584,-0.06542909040194923,0.0
band_2-5km,rain_mm_1h,3,xgboost,574,144,47,0.007254199266955968,0.011185314078883,0.011244966542209214,0.03575313919507619,-0.003990767275253246,0.0,0.0,,,-0.0039895716151153865,-0.010559265550066104,0.0003094443318837475,0.048
band_2-5km,rain_mm_1h,24,linear,574,144,47,0.47281708044732984,0.5911886263526834,0.5738716627306308,0.7587563284345757,-0.101054582283301,0.0,0.0,,,-0.10012386302782056,-0.19341460982074143,-0.008804908489848011,0.014
band_2-5km,rain_mm_1h,24,xgboost,574,144,47,0.02948898159825654,0.08365699619553392,0.057642421364208635,0.12257969079212826,-0.028153439765952096,0.0,0.0,,,-0.027891699691271747,-0.04769858834534564,-0.009564047708943237,0.004
band_5-10km,temp_c,1,linear,574,144,47,0.6497919003343013,0.8227097481724359,0.5203896145176731,0.6740229177462147,0.12940228581662827,0.9952952437387703,1.2919623444921144,0.36320918974163074,0.47829523002763596,0.12878986406756204,0.06702220005066276,0.1901068545417957,1.0
band_5-10km,temp_c,1,xgboost,574,144,47,0.6822579441677069,1.0442450672937393,0.7921723021921012,1.1398822901361905,-0.10991435802439431,0.9952952437387703,1.2919623444921144,0.19173722690482564,0.11771245114400641,-0.11184469839831303,-0.18339355617859007,-0.04100300423150916,0.0
band_5-10km,temp_c,3,linear,574,144,47,1.104852772709674,1.2894734285924276,0.8897766485700177,1.0826763895641207,0.21507612413965627,0.9952952437387703,1.2919623444921144,0.0019264616420885394,0.16199075446758981,0.2142174008452871,0.11152362225273503,0.31415451402336364,1.0
band_5-10km,temp_c,3,xgboost,574,144,47,0.9812679405172356,1.3431931954683902,1.0337227907074882,1.4604887302817344,-0.05245485019025253,0.9952952437387703,1.2919623444921144,-0.039653517143655836,-0.13044218084844394,-0.05606291515009657,-0.15944008354024175,0.04170796621444569,0.156
band_5-10km,temp_c,24,linear,574,144,47,1.1419727680734872,1.329113742565594,1.3999678507461981,1.5742319081290088,-0.2579950826727109,0.9952952437387703,1.2919623444921144,-0.02875579016049734,-0.21848126212057517,-0.25620942230212884,-0.363375614966832,-0.16033418752441142,0.0
band_5-10km,temp_c,24,xgboost,574,144,47,0.9999941824874775,1.3242826880706726,1.1702833918906659,1.505857504390392,-0.17028920940318837,0.9952952437387703,1.2919623444921144,-0.025016474912249675,-0.16555835455278856,-0.1736132920180237,-0.2576453645654215,-0.08929707254976094,0.0
band_5-10km,rain_mm_1h,1,linear,574,144,47,0.3302554072138525,0.39652038754939756,0.5772637593560607,0.7190641933976245,-0.24700835214220818,0.0,0.0,,,-0.24419450074220025,-0.31528874443312505,-0.1679033065882477,0.0
band_5-10km,rain_mm_1h,1,xgboost,574,144,47,0.02726502754618802,0.18309997343500692,0.018360447238794424,0.055386088308345086,0.008904580307393595,0.0,0.0,,,0.008968902990728061,-0.012904384692228632,0.041706691182338905,0.686
band_5-10km,rain_mm_1h,3,linear,574,144,47,0.6241907764114147,0.8135147169197796,0.7616336387310113,0.9838506238076629,-0.13744286231959657,0.0,0.0,,,-0.13507974857325197,-0.2578769351451105,-0.032408869214729796,0.004
band_5-10km,rain_mm_1h,3,xgboost,574,144,47,0.007254199266955968,0.011185314078883,0.012168020382685225,0.03746686306328202,-0.004913821115729257,0.0,0.0,,,-0.005007727193511933,-0.011087536214583653,-0.0005755919674104207,0.006
band_5-10km,rain_mm_1h,24,linear,574,144,47,0.47281708044732984,0.5911886263526834,0.616601346435162,0.829717384503357,-0.14378426598783212,0.0,0.0,,,-0.14335366761161014,-0.24903964872798431,-0.042809606959737664,0.002
band_5-10km,rain_mm_1h,24,xgboost,574,144,47,0.02948898159825654,0.08365699619553392,0.04303013022465368,0.15127877937189066,-0.013541148626397138,0.0,0.0,,,-0.014095426858718181,-0.03952329060584311,0.006193564833996678,0.106
band_10-25km,temp_c,1,linear,574,144,47,0.6497919003343013,0.8227097481724359,0.529219131158842,0.7173528702004105,0.12057276917545934,0.9952952437387703,1.2919623444921144,0.36320918974163074,0.44475713765294733,0.12053473500389074,0.06683456978553878,0.17269257139619218,1.0
band_10-25km,temp_c,1,xgboost,574,144,47,0.6822579441677069,1.0442450672937393,0.7762997004507244,1.226132139243011,-0.09404175628301747,0.9952952437387703,1.2919623444921144,0.19173722690482564,0.05095365629636994,-0.09455678176306108,-0.16853667428122385,-0.028831430177230992,0.006
band_10-25km,temp_c,3,linear,574,144,47,1.104852772709674,1.2894734285924276,0.8718597022939345,1.0392794406244341,0.23299307041573947,0.9952952437387703,1.2919623444921144,0.0019264616420885394,0.19558070321857013,0.2336256523760993,0.14835951353127164,0.32239030554553016,1.0
band_10-25km,temp_c,3,xgboost,574,144,47,0.9812679405172356,1.3431931954683902,1.0476269161150795,1.4954089440762188,-0.06635897559784387,0.9952952437387703,1.2919623444921144,-0.039653517143655836,-0.15747099785952479,-0.069555307540244,-0.1675546275083171,0.02973163077682453,0.074
band_10-25km,temp_c,24,linear,574,144,47,1.1419727680734872,1.329113742565594,1.396836900050221,1.5647451729059731,-0.25486413197673374,0.9952952437387703,1.2919623444921144,-0.02875579016049734,-0.21113837378990552,-0.25357543309032826,-0.3685027516773539,-0.14690593039551517,0.0
band_10-25km,temp_c,24,xgboost,574,144,47,0.9999941824874775,1.3242826880706726,1.1309856030829886,1.492549661915849,-0.13099142059551105,0.9952952437387703,1.2919623444921144,-0.025016474912249675,-0.1552578666699358,-0.13239643390635616,-0.20287990079939167,-0.0609309576218658,0.0
band_10-25km,rain_mm_1h,1,linear,574,144,47,0.3302554072138525,0.39652038754939756,0.6993096657806563,0.886829140766482,-0.36905425856680385,0.0,0.0,,,-0.36672111889107006,-0.4520709146306287,-0.27752852291288843,0.0
band_10-25km,rain_mm_1h,1,xgboost,574,144,47,0.02726502754618802,0.18309997343500692,0.022021801097758323,0.06884100216987246,0.005243226448429696,0.0,0.0,,,0.0053160716749633945,-0.01873425578915986,0.03930054475511291,0.606
band_10-25km,rain_mm_1h,3,linear,574,144,47,0.6241907764114147,0.8135147169197796,0.7388531573140241,0.9966381392193007,-0.11466238090260938,0.0,0.0,,,-0.11403020924009913,-0.23299733955762594,-0.013096762737258334,0.01
band_10-25km,rain_mm_1h,3,xgboost,574,144,47,0.007254199266955968,0.011185314078883,0.010855985104879236,0.02958376625157322,-0.003601785837923268,0.0,0.0,,,-0.0036341659257793963,-0.00820626262292434,0.0006477729596907792,0.04
band_10-25km,rain_mm_1h,24,linear,574,144,47,0.47281708044732984,0.5911886263526834,0.5237445554670827,0.7012866717391455,-0.05092747501975281,0.0,0.0,,,-0.05056746988146851,-0.14801237808472162,0.04233818289227411,0.166
band_10-25km,rain_mm_1h,24,xgboost,574,144,47,0.02948898159825654,0.08365699619553392,0.08810702934351866,0.18691234965419115,-0.05861804774526212,0.0,0.0,,,-0.058525614480428985,-0.0842050860936916,-0.03598960317474899,0.0
band_25-50km,temp_c,1,linear,574,144,47,0.6497919003343013,0.8227097481724359,0.5346418481757399,0.7158239720254004,0.11515005215856144,0.9952952437387703,1.2919623444921144,0.36320918974163074,0.44594052986366317,0.114125836327323,0.05054382086719307,0.17079163809037853,1.0
band_25-50km,temp_c,1,xgboost,574,144,47,0.6822579441677069,1.0442450672937393,0.8382650462378136,1.3401283799914743,-0.1560071020701067,0.9952952437387703,1.2919623444921144,0.19173722690482564,-0.03728129980312578,-0.15683930576031765,-0.23014897033039056,-0.08843294997953867,0.0
band_25-50km,temp_c,3,linear,574,144,47,1.104852772709674,1.2894734285924276,0.894517696726705,1.0990445440390362,0.21033507598296897,0.9952952437387703,1.2919623444921144,0.0019264616420885394,0.14932153500875955,0.21157704557824422,0.09280429548214458,0.3094871917759279,1.0
band_25-50km,temp_c,3,xgboost,574,144,47,0.9812679405172356,1.3431931954683902,1.197654193012989,1.7038682135996563,-0.21638625249575327,0.9952952437387703,1.2919623444921144,-0.039653517143655836,-0.318821884293746,-0.21810831725574945,-0.33208764705729826,-0.11034332121832928,0.0
band_25-50km,temp_c,24,linear,574,144,47,1.1419727680734872,1.329113742565594,1.364006350830205,1.5538643722476813,-0.2220335827567177,0.9952952437387703,1.2919623444921144,-0.02875579016049734,-0.20271645599587784,-0.22070815926847598,-0.3323481489901798,-0.11110225422446661,0.0
band_25-50km,temp_c,24,xgboost,574,144,47,0.9999941824874775,1.3242826880706726,1.07754187565024,1.3839215221865588,-0.07754769316276244,0.9952952437387703,1.2919623444921144,-0.025016474912249675,-0.07117790861822271,-0.07866276860982334,-0.13706084344178138,-0.022781772298663516,0.0
band_25-50km,rain_mm_1h,1,linear,574,144,47,0.3302554072138525,0.39652038754939756,0.6808360758631414,0.94464375140611,-0.35058066864928894,0.0,0.0,,,-0.35120574668992854,-0.4666711164398088,-0.2575773059220287,0.0
band_25-50km,rain_mm_1h,1,xgboost,574,144,47,0.02726502754618802,0.18309997343500692,0.022036693985405184,0.06081005723019741,0.005228333560782835,0.0,0.0,,,0.00529847986091449,-0.0159064699416831,0.03481520769328767,0.608
band_25-50km,rain_mm_1h,3,linear,574,144,47,0.6241907764114147,0.8135147169197796,0.8694042348308284,1.157394091782888,-0.24521345841941367,0.0,0.0,,,-0.24404014401507423,-0.34937471712848034,-0.15317591922858392,0.0
band_25-50km,rain_mm_1h,3,xgboost,574,144,47,0.007254199266955968,0.011185314078883,0.010100923013952625,0.023172453758413807,-0.002846723746996657,0.0,0.0,,,-0.0028578365815879405,-0.007056981661030982,0.0007859862392302175,0.074
band_25-50km,rain_mm_1h,24,linear,574,144,47,0.47281708044732984,0.5911886263526834,0.5770042193529122,0.8212630605412333,-0.1041871389055824,0.0,0.0,,,-0.1026129836517921,-0.20841659925834577,0.00321567565890708,0.036
band_25-50km,rain_mm_1h,24,xgboost,574,144,47,0.02948898159825654,0.08365699619553392,0.04383858339274917,0.09564157821136311,-0.014349601794492628,0.0,0.0,,,-0.014117304823770205,-0.03290808882467597,0.0032956964657968276,0.078
multiband_mix,temp_c,1,linear,574,144,235,0.6497919003343013,0.8227097481724359,0.5485854652121025,0.724152318350357,0.10120643512219885,0.9952952437387703,1.2919623444921144,0.36320918974163074,0.4394942534992924,0.10054097279979762,0.026805821347180816,0.1817429221559688,0.998
multiband_mix,temp_c,1,xgboost,574,144,235,0.6822579441677069,1.0442450672937393,0.7593656014598771,1.1131684801687907,-0.07710765729217017,0.9952952437387703,1.2919623444921144,0.19173722690482564,0.13838937727988487,-0.07752897114413491,-0.15344620375242748,0.0005338795320156221,0.026
multiband_mix,temp_c,3,linear,574,144,235,1.104852772709674,1.2894734285924276,0.8962261234563395,1.166957232984576,0.20862664925333452,0.9952952437387703,1.2919623444921144,0.0019264616420885394,0.09675600224763459,0.20747875410432204,0.055131346225789316,0.34375586848969436,0.996
multiband_mix,temp_c,3,xgboost,574,144,235,0.9812679405172356,1.3431931954683902,1.1029416864331756,1.5034190517251695,-0.12167374591593993,0.9952952437387703,1.2919623444921144,-0.039653517143655836,-0.1636709522801001,-0.12423513306377164,-0.23236809588982976,-0.025667376784282582,0.014
multiband_mix,temp_c,24,linear,574,144,235,1.1419727680734872,1.329113742565594,1.3006571325784992,1.5980321036151988,-0.158684364505012,0.9952952437387703,1.2919623444921144,-0.02875579016049734,-0.23690300296128508,-0.15929206276310462,-0.30892495760041044,-0.018225794337279597,0.012
multiband_mix,temp_c,24,xgboost,574,144,235,0.9999941824874775,1.3242826880706726,1.2216975341847096,1.5735128014209945,-0.2217033516972321,0.9952952437387703,1.2919623444921144,-0.025016474912249675,-0.21792466175905534,-0.2246775378803618,-0.3221559584797434,-0.13196897595710425,0.0
multiband_mix,rain_mm_1h,1,linear,574,144,235,0.3302554072138525,0.39652038754939756,1.041079874662429,1.3522286377526596,-0.7108244674485765,0.0,0.0,,,-0.7109640284584875,-0.8572548644139333,-0.5748206324671538,0.0
multiband_mix,rain_mm_1h,1,xgboost,574,144,235,0.02726502754618802,0.18309997343500692,1.06303179813747,5.655034185826309,-1.0357667705912819,0.0,0.0,,,-1.0510722284382032,-2.0789648828063036,-0.19181632786167038,0.002
multiband_mix,rain_mm_1h,3,linear,574,144,235,0.6241907764114147,0.8135147169197796,0.9764137751826818,1.638044978060331,-0.35222299877126706,0.0,0.0,,,-0.3489713118873333,-0.6018218962647194,-0.15375390994708676,0.0
multiband_mix,rain_mm_1h,3,xgboost,574,144,235,0.007254199266955968,0.011185314078883,0.23239909234315645,0.9613261760323244,-0.22514489307620048,0.0,0.0,,,-0.2249003805686983,-0.386834180089924,-0.07909954535686377,0.0
multiband_mix,rain_mm_1h,24,linear,574,144,235,0.47281708044732984,0.5911886263526834,0.9903363458988801,1.4427459844272912,-0.5175192654515502,0.0,0.0,,,-0.5141315460483269,-0.6852424896314818,-0.337588835339591,0.0
multiband_mix,rain_mm_1h,24,xgboost,574,144,235,0.02948898159825654,0.08365699619553392,0.05618687734608506,0.11015353091818794,-0.02669789574782852,0.0,0.0,,,-0.026743310823147924,-0.04454707379779721,-0.007483254531229654,0.004
